[{"model": "announcements.announcement", "pk": 3, "fields": {"name": "Aqhaj4la7ok", "friendly_name": "Test Announcement 2", "description": "This is a Test Description\r\n\r\nTesting description 2, Lorem Ipsum Ut Tel Ifs Figuro Dorem Le Pilix\r\nLorem Ipsum Ut Tel Ifs Figuro Dorem Le Pilix", "folder": 18, "is_public": true, "date_made_public": "2023-12-04T16:43:15Z", "is_pinned": false}}, {"model": "announcements.announcement", "pk": 4, "fields": {"name": "Ae2p0yi8qfp", "friendly_name": "Test Announcement 1", "description": "This is a Test Description. www.test.com\r\n\r\nTesting description 1, Lorem Ipsum Ut Tel Ifs Figuro Dorem Le Pilix\r\nLorem Ipsum Ut Tel Ifs Figuro Dorem Le Pilix\r\n\r\nGo Visit these links:\r\n\r\nhttps://hello1.com\r\nhttps://mreea.org\r\nhttps://mreea.org/members", "folder": 19, "is_public": true, "date_made_public": "2024-03-04T16:41:00Z", "is_pinned": false}}, {"model": "announcements.announcement", "pk": 5, "fields": {"name": "Ajbkf68kw08", "friendly_name": "Test Announcement 3", "description": "This is a Test Description. www.test.com\r\n\r\nTesting description 1, Lorem Ipsum Ut Tel Ifs Figuro Dorem Le Pilix\r\nLorem Ipsum Ut Tel Ifs Figuro Dorem Le Pilix\r\n\r\nGo Visit these links:\r\nwww.test.com", "folder": 20, "is_public": true, "date_made_public": "2024-04-01T16:34:55Z", "is_pinned": false}}, {"model": "announcements.announcement", "pk": 7, "fields": {"name": "Ascmo96n8b2", "friendly_name": "test 5", "description": "test \r\nwww.googledrive.com", "folder": 24, "is_public": true, "date_made_public": "2024-06-12T18:40:30.079Z", "is_pinned": false}}, {"model": "announcements.announcement", "pk": 8, "fields": {"name": "A819wpj25bh", "friendly_name": "test 4", "description": "test 4", "folder": 25, "is_public": true, "date_made_public": "2024-06-12T18:41:08.255Z", "is_pinned": true}}, {"model": "events.event", "pk": 8, "fields": {"name": "En2gu9gtul9", "friendly_name": "July Virtual Meeting", "description": "We are meeting online on Wednesday, July 10th at 9:30am. It will take place on zoom. The topic is to be determined. Please register below", "date": "2024-07-10", "time": "09:30:00", "location": "Zoom", "register_link": 15, "google_drive_link": 16, "folder": 7, "is_public": true}}, {"model": "events.event", "pk": 9, "fields": {"name": "Egp7f3wcmb8", "friendly_name": "April Virtual Meeting", "description": "We are meeting online on Tuesday, April 2nd at 10:00am. It will take place on Zoom.\r\nThe session will be Preview of the Legislative.\r\n\r\nPlease register below", "date": "2024-04-02", "time": "10:00:00", "location": "Zoom", "register_link": 17, "google_drive_link": 18, "folder": 8, "is_public": true}}, {"model": "events.event", "pk": 12, "fields": {"name": "Ex14y8ly3us", "friendly_name": "September Meeting", "description": "We are meeting online on Wednesday, September 4th at 1:00pm. This will be face-to-face at the Maryland Realtos location. Lunch will be provided from 12:00pm to 1:00pm.\r\n\r\nThe session will be Review of Maryland Realtors forms and Top 5 Leagl hotline topics.", "date": "2024-09-04", "time": "13:00:00", "location": "Maryland Realtors", "register_link": null, "google_drive_link": 23, "folder": 15, "is_public": true}}, {"model": "events.event", "pk": 13, "fields": {"name": "E81nc6xs42v", "friendly_name": "December Development Workshop", "description": "We are meeting for a instructor development workshop on December 4th at 1:00pm. \r\n\r\nThe topic and instructor is to be determined", "date": "2024-12-04", "time": "13:00:00", "location": "To be determined", "register_link": null, "google_drive_link": 24, "folder": 16, "is_public": true}}, {"model": "membership.membershippackage", "pk": 1, "fields": {"name": "yearly_membership", "friendly_name": "Yearly Membership", "description": "This package costs 27$ USD and lasts 1 year (365 days).", "duration": 365, "price": "27.00", "checkout_url": "https://next.waveapps.com/checkouts/c2bfa0b20008412ba69c845cd92834d3"}}, {"model": "membership.membershippackage", "pk": 2, "fields": {"name": "hidden_admin_membership", "friendly_name": "Hidden Admin Membership", "description": "This is a Hidden Admin Membership Package to not display in Members Search", "duration": 9999, "price": "27.00", "checkout_url": "https://next.waveapps.com/checkouts/c2bfa0b20008412ba69c845cd92834d3"}}, {"model": "membership.membershipstatus", "pk": 1, "fields": {"name": "expired", "friendly_name": "Expired", "description": "Your Membership has expired please renew it to receive access to Memberhip again.", "color": "error", "valid": false}}, {"model": "membership.membershipstatus", "pk": 2, "fields": {"name": "pending", "friendly_name": "Pending", "description": "Your membership is awaiting payment approval. You will be notified and your status will change whenever and admin approves or denies your payment.", "color": "info", "valid": false}}, {"model": "membership.membershipstatus", "pk": 3, "fields": {"name": "active_renewal_pending", "friendly_name": "Active - Renewal Pending", "description": "Your membership is active but is awaiting payment confirmation for renewal. You still have access to membership materials. You will be notified and renewal status will be changed once an admin approves or denies your renewal payment.", "color": "success", "valid": true}}, {"model": "membership.membershipstatus", "pk": 4, "fields": {"name": "active", "friendly_name": "Active", "description": "Your membership is active. You have full access to membership material. You can only renew your membership 30 days before it expires.", "color": "success", "valid": true}}, {"model": "membership.membershipstatus", "pk": 5, "fields": {"name": "payment_unsuccessful", "friendly_name": "Payment Unsuccessful", "description": "Your membership payment attempt was unsuccessful. Please contact us if you are having any issues.", "color": "error", "valid": false}}, {"model": "membership.membershipstatus", "pk": 6, "fields": {"name": "active_renewal_unsuccessful", "friendly_name": "Active - Renewal Unsuccessful", "description": "Your membership is still active but your renewal payment was unsuccessful. Please contact us if you are having issues.", "color": "warning", "valid": true}}, {"model": "membership.membershipstatus", "pk": 7, "fields": {"name": "admin", "friendly_name": "Admin", "description": "Your status is admin, meaning it is active", "color": "success", "valid": true}}, {"model": "profiles.category", "pk": 1, "fields": {"name": "pre_licensing", "friendly_name": "Pre-Licensing"}}, {"model": "profiles.category", "pk": 2, "fields": {"name": "continuing_education", "friendly_name": "Continuing Education"}}, {"model": "profiles.category", "pk": 3, "fields": {"name": "designations_certifications", "friendly_name": "Designations & Certifications"}}, {"model": "profiles.class", "pk": 30, "fields": {"name": "salesperson", "friendly_name": "Salesperson", "category": 1}}, {"model": "profiles.class", "pk": 31, "fields": {"name": "broker", "friendly_name": "Broker", "category": 1}}, {"model": "profiles.class", "pk": 32, "fields": {"name": "exam_prep", "friendly_name": "Exam Prep", "category": 1}}, {"model": "profiles.class", "pk": 33, "fields": {"name": "mrec_brad", "friendly_name": "MREC - BRAD", "category": 2}}, {"model": "profiles.class", "pk": 34, "fields": {"name": "code_of_ethics", "friendly_name": "Code of Ethics", "category": 2}}, {"model": "profiles.class", "pk": 35, "fields": {"name": "legal_updates", "friendly_name": "Legal updates", "category": 2}}, {"model": "profiles.class", "pk": 36, "fields": {"name": "mrec_supervision", "friendly_name": "MREC Supervision", "category": 2}}, {"model": "profiles.class", "pk": 37, "fields": {"name": "fair_housing", "friendly_name": "Fair Housing", "category": 2}}, {"model": "profiles.class", "pk": 38, "fields": {"name": "mrec_commercial_agency", "friendly_name": "MREC - Commercial Agency", "category": 2}}, {"model": "profiles.class", "pk": 39, "fields": {"name": "electives", "friendly_name": "Electives", "category": 2}}, {"model": "profiles.class", "pk": 40, "fields": {"name": "new_agent_advertising", "friendly_name": "New Agent - Advertising", "category": 2}}, {"model": "profiles.class", "pk": 41, "fields": {"name": "new_agent_brad_sd", "friendly_name": "New Agent - BRAD-SD", "category": 2}}, {"model": "profiles.class", "pk": 42, "fields": {"name": "new_agent_contracts", "friendly_name": "New Agent - Contracts", "category": 2}}, {"model": "profiles.class", "pk": 43, "fields": {"name": "new_agent_financing", "friendly_name": "New Agent - Financing", "category": 2}}, {"model": "profiles.class", "pk": 44, "fields": {"name": "new_agent_professionalism", "friendly_name": "New Agent - Professionalism", "category": 2}}, {"model": "profiles.class", "pk": 45, "fields": {"name": "new_agent_property_management", "friendly_name": "New Agent - Property management", "category": 2}}, {"model": "profiles.class", "pk": 46, "fields": {"name": "abr", "friendly_name": "ABR", "category": 3}}, {"model": "profiles.class", "pk": 47, "fields": {"name": "ahwd", "friendly_name": "AHWD", "category": 3}}, {"model": "profiles.class", "pk": 48, "fields": {"name": "bias_override", "friendly_name": "Bias Override", "category": 3}}, {"model": "profiles.class", "pk": 49, "fields": {"name": "crets", "friendly_name": "CRETS", "category": 3}}, {"model": "profiles.class", "pk": 50, "fields": {"name": "crs", "friendly_name": "CRS", "category": 3}}, {"model": "profiles.class", "pk": 51, "fields": {"name": "gri", "friendly_name": "GRI", "category": 3}}, {"model": "profiles.class", "pk": 52, "fields": {"name": "mrp", "friendly_name": "MRP", "category": 3}}, {"model": "profiles.class", "pk": 53, "fields": {"name": "psa", "friendly_name": "PSA", "category": 3}}, {"model": "profiles.class", "pk": 54, "fields": {"name": "rene", "friendly_name": "RENE", "category": 3}}, {"model": "profiles.class", "pk": 55, "fields": {"name": "srs", "friendly_name": "SRS", "category": 3}}, {"model": "profiles.class", "pk": 56, "fields": {"name": "sfr", "friendly_name": "SFR", "category": 3}}, {"model": "profiles.class", "pk": 57, "fields": {"name": "sres", "friendly_name": "SRES", "category": 3}}, {"model": "profiles.teachingstate", "pk": 1, "fields": {"code": "MD", "friendly_name": "Maryland"}}, {"model": "profiles.teachingstate", "pk": 2, "fields": {"code": "DC", "friendly_name": "District of Columbia"}}, {"model": "profiles.teachingstate", "pk": 3, "fields": {"code": "DE", "friendly_name": "Delaware"}}, {"model": "profiles.teachingstate", "pk": 4, "fields": {"code": "VA", "friendly_name": "Virginia"}}, {"model": "profiles.teachingstate", "pk": 5, "fields": {"code": "WV", "friendly_name": "West Virginia"}}, {"model": "profiles.teachingstate", "pk": 6, "fields": {"code": "PA", "friendly_name": "Pennsylvania"}}, {"model": "resources.icon", "pk": 1, "fields": {"name": "announcements", "friendly_name": "Announcements", "icon": "<svg xmlns=\"http://www.w3.org/2000/svg\" class=\"dark-text\" viewBox=\"0 0 24 24\">\r\n    <path fill-rule=\"evenodd\" d=\"M20.085 16.932a62.152 62.152 0 0 0 0-12.864c-.159-1.525-1.917-2.298-3.148-1.383l-4.103 3.05a7.25 7.25 0 0 1-4.326 1.432H4.68c-.69 0-1.25.56-1.25 1.25v4.166c0 .69.56 1.25 1.25 1.25h.624l-.845 3.155a.75.75 0 0 0 .408.874l3.68 1.717a.75.75 0 0 0 1.042-.486l1.263-4.712a.78.78 0 0 0 .024-.15a7.25 7.25 0 0 1 1.959 1.034l4.103 3.05c1.23.915 2.99.142 3.148-1.383m-1.492-12.71a60.696 60.696 0 0 1 0 12.555a.478.478 0 0 1-.76.334l-4.105-3.05a8.75 8.75 0 0 0-5.22-1.728H4.93V8.667h3.58a8.75 8.75 0 0 0 5.22-1.728l4.103-3.05a.478.478 0 0 1 .76.334m-9.157 9.67a7.256 7.256 0 0 0-.928-.059H6.856L6.07 16.77l2.3 1.073l1.032-3.85a.759.759 0 0 1 .034-.1\" clip-rule=\"evenodd\" />\r\n</svg>"}}, {"model": "resources.icon", "pk": 2, "fields": {"name": "events", "friendly_name": "Events", "icon": "<svg xmlns=\"http://www.w3.org/2000/svg\" class=\"dark-text\" viewBox=\"0 0 16 16\">\r\n    <path d=\"M5.248 8.997a.748.748 0 1 0 0-1.497a.748.748 0 0 0 0 1.497m.749 1.752a.748.748 0 1 1-1.497 0a.748.748 0 0 1 1.497 0M8 8.997A.748.748 0 1 0 8 7.5a.748.748 0 0 0 0 1.497m.749 1.752a.748.748 0 1 1-1.497 0a.748.748 0 0 1 1.497 0m2-1.752a.748.748 0 1 0 0-1.497a.748.748 0 0 0 0 1.497M14 4.5A2.5 2.5 0 0 0 11.5 2h-7A2.5 2.5 0 0 0 2 4.5v7A2.5 2.5 0 0 0 4.5 14h7a2.5 2.5 0 0 0 2.5-2.5zM3 6h10v5.5a1.5 1.5 0 0 1-1.5 1.5h-7A1.5 1.5 0 0 1 3 11.5zm1.5-3h7A1.5 1.5 0 0 1 13 4.5V5H3v-.5A1.5 1.5 0 0 1 4.5 3\" />\r\n</svg>"}}, {"model": "resources.icon", "pk": 3, "fields": {"name": "folder", "friendly_name": "Folder", "icon": "<svg xmlns=\"http://www.w3.org/2000/svg\" class=\"dark-text\" viewBox=\"0 0 16 16\">\r\n    <path d=\"M2 4.5V6h3.586a.5.5 0 0 0 .353-.146L7.293 4.5L5.939 3.146A.5.5 0 0 0 5.586 3H3.5A1.5 1.5 0 0 0 2 4.5m-1 0A2.5 2.5 0 0 1 3.5 2h2.086a1.5 1.5 0 0 1 1.06.44L8.207 4H12.5A2.5 2.5 0 0 1 15 6.5v5a2.5 2.5 0 0 1-2.5 2.5h-9A2.5 2.5 0 0 1 1 11.5zM2 7v4.5A1.5 1.5 0 0 0 3.5 13h9a1.5 1.5 0 0 0 1.5-1.5v-5A1.5 1.5 0 0 0 12.5 5H8.207l-1.56 1.56A1.5 1.5 0 0 1 5.585 7z\" />\r\n</svg>"}}, {"model": "resources.icon", "pk": 4, "fields": {"name": "facebook", "friendly_name": "Facebook", "icon": "<svg xmlns=\"http://www.w3.org/2000/svg\" class=\"dark-text\" viewBox=\"0 0 256 256\">\r\n    <path d=\"M128 24a104 104 0 1 0 104 104A104.11 104.11 0 0 0 128 24m8 191.63V152h24a8 8 0 0 0 0-16h-24v-24a16 16 0 0 1 16-16h16a8 8 0 0 0 0-16h-16a32 32 0 0 0-32 32v24H96a8 8 0 0 0 0 16h24v63.63a88 88 0 1 1 16 0\" />\r\n</svg>"}}, {"model": "resources.icon", "pk": 5, "fields": {"name": "youtube", "friendly_name": "Youtube", "icon": "<svg xmlns=\"http://www.w3.org/2000/svg\" class=\"dark-text\" viewBox=\"0 0 256 256\">\r\n\t<path d=\"m164.44 121.34l-48-32A8 8 0 0 0 104 96v64a8 8 0 0 0 12.44 6.66l48-32a8 8 0 0 0 0-13.32M120 145.05V111l25.58 17Zm114.33-75.53a24 24 0 0 0-14.49-16.4C185.56 39.88 131 40 128 40s-57.56-.12-91.84 13.12a24 24 0 0 0-14.49 16.4C19.08 79.5 16 97.74 16 128s3.08 48.5 5.67 58.48a24 24 0 0 0 14.49 16.41C69 215.56 120.4 216 127.34 216h1.32c6.94 0 58.37-.44 91.18-13.11a24 24 0 0 0 14.49-16.41c2.59-10 5.67-28.22 5.67-58.48s-3.08-48.5-5.67-58.48m-15.49 113a8 8 0 0 1-4.77 5.49c-31.65 12.22-85.48 12-86 12H128c-.54 0-54.33.2-86-12a8 8 0 0 1-4.77-5.49C34.8 173.39 32 156.57 32 128s2.8-45.39 5.16-54.47A8 8 0 0 1 41.93 68c30.52-11.79 81.66-12 85.85-12h.27c.54 0 54.38-.18 86 12a8 8 0 0 1 4.77 5.49C221.2 82.61 224 99.43 224 128s-2.8 45.39-5.16 54.47Z\" />\r\n</svg>"}}, {"model": "resources.icon", "pk": 6, "fields": {"name": "google_drive", "friendly_name": "Google Drive", "icon": "<svg xmlns=\"http://www.w3.org/2000/svg\" class=\"dark-text\" viewBox=\"0 0 256 256\">\r\n    <path d=\"M235.9 144.82L167.43 32.58A13.91 13.91 0 0 0 155.56 26h-55.13a13.92 13.92 0 0 0-11.87 6.58v.05L20.13 144.76a14 14 0 0 0-.28 14.37L47.17 207a14 14 0 0 0 12.15 7h137.35a14 14 0 0 0 12.16-7l27.32-47.82a14 14 0 0 0-.25-14.36M222.56 146h-51.17L135 85.33l25.08-41.79Zm-124 0L128 97l29.4 49Zm66 12L191 202H65l26.4-44ZM128 73.67L106.6 38h42.8ZM95.93 43.54L121 85.33L84.6 146H33.43ZM33 158h44.4l-22.73 37.89Zm168.3 37.89L178.59 158H223Z\" />\r\n</svg>"}}, {"model": "resources.icon", "pk": 7, "fields": {"name": "registe", "friendly_name": "Registration Link", "icon": "<svg xmlns=\"http://www.w3.org/2000/svg\" class=\"dark-text\" viewBox=\"0 0 16 16\">\r\n    <path d=\"M9.5 4h1a3.5 3.5 0 0 1 .194 6.995l-.192.005l-1 .005a.5.5 0 0 1-.094-.992l.09-.008L10.5 10a2.5 2.5 0 0 0 .164-4.995L10.5 5h-1a.5.5 0 0 1-.09-.992zh1zm-4 0h1a.5.5 0 0 1 .09.992L6.5 5h-1a2.5 2.5 0 0 0-.164 4.995L5.5 10h1a.5.5 0 0 1 .09.992L6.5 11h-1a3.5 3.5 0 0 1-.192-6.995zh1zm0 3l5 .002a.5.5 0 0 1 .09.992l-.09.008L5.5 8a.5.5 0 0 1-.09-.992z\" />\r\n</svg>"}}, {"model": "resources.icon", "pk": 8, "fields": {"name": "resource", "friendly_name": "Resource", "icon": "<svg xmlns=\"http://www.w3.org/2000/svg\" class=\"dark-text\" viewBox=\"0 0 16 16\">\r\n    <path d=\"M5 1a2 2 0 0 0-2 2v10a2 2 0 0 0 2 2h6a2 2 0 0 0 2-2V5.414a1.5 1.5 0 0 0-.44-1.06L9.647 1.439A1.5 1.5 0 0 0 8.586 1zM4 3a1 1 0 0 1 1-1h3v2.5A1.5 1.5 0 0 0 9.5 6H12v7a1 1 0 0 1-1 1H5a1 1 0 0 1-1-1zm7.793 2H9.5a.5.5 0 0 1-.5-.5V2.207z\" />\r\n</svg>"}}, {"model": "resources.icon", "pk": 9, "fields": {"name": "fair_housing_coach", "friendly_name": "Fair Housing Coach", "icon": "<svg xmlns=\"http://www.w3.org/2000/svg\" class=\"dark-text\" viewBox=\"0 0 16 16\">\r\n    <path d=\"M 8.0878905,3.2558594 C 8.0076366,3.2299626 7.9187508,3.2361283 7.8378907,3.2792969 L 2.2832031,6.2421875 c -0.024876,0.01328 -0.030779,0.04231 -0.050781,0.060547 -0.1352715,0.038353 -0.2374217,0.1656121 -0.2382813,0.3183593 v 0.4101564 c 0,0.1836674 0.1469269,0.3377893 0.3261719,0.3417966 l 0.3125,0.00586 v 4.2617182 0.328125 c 0,0.185003 0.1456233,0.333984 0.3261719,0.333984 H 13.029297 c 0.180549,0 0.326172,-0.148981 0.326172,-0.333984 V 11.595703 7.3769532 l 0.333984,0.00586 c 0.168165,0.00301 0.306641,-0.1343272 0.306641,-0.3066406 V 6.59375 c 0,-0.1511098 -0.108607,-0.274121 -0.248047,-0.3066406 -0.02082,-0.019555 -0.02644,-0.050415 -0.05274,-0.064453 L 8.2285155,3.3046875 c -0.030262,-0.016156 -0.061927,-0.00384 -0.09375,-0.00977 -0.017846,-0.00973 -0.027662,-0.032863 -0.046875,-0.039063 z m -0.080078,1.0800781 4.3593755,2.3281251 c -0.0036,0.020193 -0.02149,0.033396 -0.02149,0.054687 V 11.261719 H 3.6191406 V 6.7187499 c 0,-0.013024 -0.012301,-0.020565 -0.013672,-0.033203 z M 6.2812501,6.6386717 c -0.1805487,0 -0.3261721,0.1489813 -0.3261721,0.3339844 v 0.3867187 c 0,0.1850035 0.1456234,0.3339844 0.3261721,0.3339844 h 3.3945313 c 0.1805484,0 0.3261716,-0.1489809 0.3261716,-0.3339844 V 6.9726561 c 0,-0.1850031 -0.1456232,-0.3339844 -0.3261716,-0.3339844 z m 0,2.1484378 c -0.1805487,0 -0.3261721,0.1489809 -0.3261721,0.3339844 v 0.392578 c 0,0.1850032 0.1456234,0.3339844 0.3261721,0.3339844 h 3.3945313 c 0.1805484,0 0.3261716,-0.1489812 0.3261716,-0.3339844 v -0.392578 c 0,-0.1850035 -0.1456232,-0.3339844 -0.3261716,-0.3339844 z\" />\r\n</svg>"}}, {"model": "resources.icon", "pk": 10, "fields": {"name": "nfha", "friendly_name": "NFHA", "icon": "<svg xmlns=\"http://www.w3.org/2000/svg\" class=\"dark-text\" viewBox=\"0 0 16 16\">\r\n    <path d=\"M 7.9765625,1.265625 1.96875,5.28125 v 7 c 0,1.380711 1.1192895,2.5 2.4999999,2.5 H 11.46875 c 1.380711,0 2.5,-1.119289 2.5,-2.5 v -7 z M 7.9472656,2.3984375 12.96875,5.78125 v 1 0.1484375 5.3515625 c 0,0.828426 -0.671574,1.5 -1.5,1.5 H 4.4687499 c -0.8284261,0 -1.4999999,-0.671574 -1.4999999,-1.5 V 6.9296875 6.78125 v -1 z M 4.796875,5.6894531 V 8.9453125 H 5.84375 V 7.5761719 L 6.6308594,8.9453125 H 7.6523438 V 8.625 5.6894531 H 6.6054687 V 6.8554688 L 5.9375,5.6894531 Z M 8.4257813,5.7929687 V 6.1132813 9.0488281 H 9.4980469 V 7.7890625 H 10.730469 V 6.8378906 H 9.4980469 V 6.7421875 H 10.929687 V 5.7929687 Z M 4.78125,9.3378907 V 9.6582031 12.591797 H 5.8535156 V 11.3125 h 0.7167969 v 1.279297 H 7.6445313 V 9.3378907 H 6.5703125 V 10.363281 H 5.8535156 V 9.3378907 Z M 9.4707031,9.4023437 9.46875,9.40625 H 9.1113282 L 7.8261718,12.662109 H 8.953125 l 0.2753906,-0.730468 h 0.7324219 l 0.2792965,0.730468 h 1.144531 L 11.212891,12.230469 10.099609,9.40625 H 9.7226562 l -0.00195,-0.00391 z m 0.1484376,1.0078123 0.1992187,0.904297 H 9.3769531 Z\" />\r\n</svg>"}}, {"model": "resources.folder", "pk": 7, "fields": {"name": "Fxcbzk86rvt", "friendly_name": "July Virtual Meeting", "parent_folder": 10, "icon": 3, "created_at": "2024-06-04T10:48:34Z", "is_deleted": false}}, {"model": "resources.folder", "pk": 8, "fields": {"name": "F6ltyo0xbdr", "friendly_name": "April Virtual Meeting", "parent_folder": 10, "icon": 3, "created_at": "2024-06-04T10:56:38Z", "is_deleted": false}}, {"model": "resources.folder", "pk": 9, "fields": {"name": "all", "friendly_name": "All Resources", "parent_folder": null, "icon": 3, "created_at": "2024-06-04T12:49:28Z", "is_deleted": false}}, {"model": "resources.folder", "pk": 10, "fields": {"name": "events", "friendly_name": "Events", "parent_folder": 9, "icon": 2, "created_at": "2024-06-04T12:50:54Z", "is_deleted": false}}, {"model": "resources.folder", "pk": 11, "fields": {"name": "announcements", "friendly_name": "Announcements", "parent_folder": 9, "icon": 1, "created_at": "2024-06-04T12:51:22Z", "is_deleted": false}}, {"model": "resources.folder", "pk": 12, "fields": {"name": "nfha", "friendly_name": "NFHA", "parent_folder": 9, "icon": 10, "created_at": "2024-06-04T12:51:47Z", "is_deleted": false}}, {"model": "resources.folder", "pk": 13, "fields": {"name": "fair_housing_coach", "friendly_name": "Fair Housing Coach", "parent_folder": 9, "icon": 9, "created_at": "2024-06-04T12:52:12Z", "is_deleted": false}}, {"model": "resources.folder", "pk": 15, "fields": {"name": "Fqvgp1b2tvl", "friendly_name": "September Meeting", "parent_folder": 10, "icon": 3, "created_at": "2024-06-04T13:14:02.705Z", "is_deleted": false}}, {"model": "resources.folder", "pk": 16, "fields": {"name": "Fulhsq2h2jv", "friendly_name": "December Development Workshop", "parent_folder": 10, "icon": 3, "created_at": "2024-06-04T13:17:34.382Z", "is_deleted": false}}, {"model": "resources.folder", "pk": 18, "fields": {"name": "F8m507o9jl7", "friendly_name": "Test Announcement 2", "parent_folder": 11, "icon": 3, "created_at": "2024-06-04T15:37:21.386Z", "is_deleted": false}}, {"model": "resources.folder", "pk": 19, "fields": {"name": "Fu7op72g338", "friendly_name": "Test Announcement 1", "parent_folder": 11, "icon": 3, "created_at": "2024-06-04T15:40:59.855Z", "is_deleted": false}}, {"model": "resources.folder", "pk": 20, "fields": {"name": "Fwm83skvurs", "friendly_name": "Test Announcement 3", "parent_folder": 11, "icon": 3, "created_at": "2024-06-04T16:34:54.874Z", "is_deleted": false}}, {"model": "resources.folder", "pk": 24, "fields": {"name": "Fcgu7jw4sbf", "friendly_name": "test 5", "parent_folder": 11, "icon": 3, "created_at": "2024-06-07T14:08:47.393Z", "is_deleted": false}}, {"model": "resources.folder", "pk": 25, "fields": {"name": "Ff234igirp0", "friendly_name": "test 4", "parent_folder": 11, "icon": 3, "created_at": "2024-06-12T18:41:07.504Z", "is_deleted": false}}, {"model": "resources.resource", "pk": 15, "fields": {"name": "Rq5gmm174lx", "friendly_name": "Event Register Link", "folder": 7, "url": "https://us06web.zoom.us/meeting/register/tZUqcuurpzkoG9DrIJDqooZ1mTthDXdumAI_", "icon": 7, "created_at": "2024-06-04T10:48:35Z"}}, {"model": "resources.resource", "pk": 16, "fields": {"name": "Rru86bjzsf9", "friendly_name": "Google Drive Folder", "folder": 7, "url": "https://drive.google.com/drive/u/0/folders/1QNIA8rLZnDk2rP606rdJaFuko_Opr2Zd", "icon": 6, "created_at": "2024-06-04T10:48:35Z"}}, {"model": "resources.resource", "pk": 17, "fields": {"name": "Rvkxuwkix1c", "friendly_name": "Event Register Link", "folder": 8, "url": "https://us02web.zoom.us/meeting/register/tZUlc-uuqz4pHtU_shyNVgdtm_3eo4O8g_Sl", "icon": 7, "created_at": "2024-06-04T10:56:38Z"}}, {"model": "resources.resource", "pk": 18, "fields": {"name": "Rbdu3c1awh0", "friendly_name": "Google Drive Folder", "folder": 8, "url": "https://drive.google.com/drive/u/0/folders/1QNIA8rLZnDk2rP606rdJaFuko_Opr2Zd", "icon": 6, "created_at": "2024-06-04T10:56:39Z"}}, {"model": "resources.resource", "pk": 19, "fields": {"name": "facebook_group", "friendly_name": "Facebook Group", "folder": 9, "url": "https://www.facebook.com/groups/715064345509383", "icon": 4, "created_at": "2024-06-04T12:55:45Z"}}, {"model": "resources.resource", "pk": 23, "fields": {"name": "Rn8m4j2ooo3", "friendly_name": "Google Drive Folder", "folder": 15, "url": "https://drive.google.com/drive/u/0/folders/1QNIA8rLZnDk2rP606rdJaFuko_Opr2Zd", "icon": 6, "created_at": "2024-06-04T13:14:03.328Z"}}, {"model": "resources.resource", "pk": 24, "fields": {"name": "R9ocjnro26i", "friendly_name": "Google Drive Folder", "folder": 16, "url": "https://drive.google.com/drive/u/0/folders/1QNIA8rLZnDk2rP606rdJaFuko_Opr2Zd", "icon": 6, "created_at": "2024-06-04T13:17:34.957Z"}}, {"model": "resources.resource", "pk": 27, "fields": {"name": "R8g2ezzv1bp", "friendly_name": "Google Drive", "folder": 13, "url": "www.", "icon": 6, "created_at": "2024-06-07T14:22:40.686Z"}}]